{"cameraMode":{"drawMode":0,"name":"Shaded","section":"Shading Mode"},"sceneLighting":true,"audioPlay":false,"sceneViewState":{"m_AlwaysRefresh":false,"showFog":true,"showSkybox":true,"showFlares":true,"showImageEffects":true,"showParticleSystems":true,"showVisualEffectGraphs":true,"m_FxEnabled":true},"in2DMode":false,"pivot":{"x":-2.6278069019317629,"y":6.969074249267578,"z":29.20021629333496},"rotation":{"x":0.0703153982758522,"y":-0.059815384447574618,"z":0.004223301075398922,"w":0.9957308173179627},"size":11.312965393066407,"orthographic":false}